job_name,run_id,application,sub_application,status,start_time,end_time,return_code,error_message
BCP_ETL_CIERRE_DIARIO,CTM20261004234319,FINANZAS,CIERRE_CONTABLE,OK,2026-10-04T23:43:19,2026-10-04T23:55:19,0,
BCP_ETL_CIERRE_DIARIO,CTM20261005014319,FINANZAS,CIERRE_CONTABLE,OK,2026-10-05T01:43:19,2026-10-05T01:55:19,0,
BCP_ETL_CIERRE_DIARIO,CTM20261005034319,FINANZAS,CIERRE_CONTABLE,OK,2026-10-05T03:43:19,2026-10-05T03:47:19,0,
BCP_ETL_CIERRE_DIARIO,CTM20261005054319,FINANZAS,CIERRE_CONTABLE,NOTOK,2026-10-05T05:43:19,2026-10-05T05:57:19,12,NOTOK: Return code 4 - Espacio insuficiente en disco destino
BCP_ETL_CIERRE_DIARIO,CTM20261005074319,FINANZAS,CIERRE_CONTABLE,OK,2026-10-05T07:43:19,2026-10-05T07:52:19,0,
BCP_ETL_CIERRE_DIARIO,CTM20261005094319,FINANZAS,CIERRE_CONTABLE,OK,2026-10-05T09:43:19,2026-10-05T09:49:19,0,
BCP_ETL_CIERRE_DIARIO,CTM20261005114319,FINANZAS,CIERRE_CONTABLE,OK,2026-10-05T11:43:19,2026-10-05T11:52:19,0,
BCP_ETL_CIERRE_DIARIO,CTM20261005134319,FINANZAS,CIERRE_CONTABLE,NOTOK,2026-10-05T13:43:19,2026-10-05T13:53:19,12,NOTOK: Return code 8 - Timeout esperando archivo de entrada en servidor FTP
BCP_ETL_CIERRE_DIARIO,CTM20261005154319,FINANZAS,CIERRE_CONTABLE,OK,2026-10-05T15:43:19,2026-10-05T15:56:19,0,
BCP_ETL_CIERRE_DIARIO,CTM20261005174319,FINANZAS,CIERRE_CONTABLE,NOTOK,2026-10-05T17:43:19,2026-10-05T17:47:19,8,NOTOK: Return code 4 - Espacio insuficiente en disco destino
BCP_ETL_CIERRE_DIARIO,CTM20261005194319,FINANZAS,CIERRE_CONTABLE,NOTOK,2026-10-05T19:43:19,2026-10-05T19:56:19,4,NOTOK: Return code 8 - Timeout esperando archivo de entrada en servidor FTP
BCP_ETL_CIERRE_DIARIO,CTM20261005214319,FINANZAS,CIERRE_CONTABLE,NOTOK,2026-10-05T21:43:19,2026-10-05T21:50:19,4,NOTOK: Return code 8 - Timeout esperando archivo de entrada en servidor FTP
